video_id,title,url
NdrYA3Tc82w,editing #song #edit #dermatology #dermaco #flow #glowingskin #best #beauty #beautytips #beautyhacks,https://www.youtube.com/watch?v=NdrYA3Tc82w
TwQDCIKZNDE,Turn ‚ÄúBooked‚Äù into ‚ÄúShowed‚Äù with a 3-step Confirm Ladder,https://www.youtube.com/watch?v=TwQDCIKZNDE
hpnsb9Rswlw,Ever wondered what goes on behind the screen? | Dr Ishita |,https://www.youtube.com/watch?v=hpnsb9Rswlw
x3VnTlo49CA,#dermatology #skincare #dermatologist #skin #beauty #antiaging #skincareroutine #aesthetics #botox #,https://www.youtube.com/watch?v=x3VnTlo49CA
dUjtyaaDoBo,#dermatology #skincare #dermatologist #skin #beauty #antiaging #skincareroutine #aesthetics #botox #,https://www.youtube.com/watch?v=dUjtyaaDoBo
w19hEP4BH18,#dermatology #skincare #dermatologist #skin #beauty #antiaging #skincareroutine #aesthetics #botox #,https://www.youtube.com/watch?v=w19hEP4BH18
i8ewuMc4r2U,Soft Feet in 30 Seconds#DrRoy #Dermatology #SkinCare #FeetCare #Health #Wellness,https://www.youtube.com/watch?v=i8ewuMc4r2U
IurGX52AZa4,Private & Secure Dermatology | DrDermX App,https://www.youtube.com/watch?v=IurGX52AZa4
HlFqSwmoODM,"3 Dermatology Truths No One Tells You! | Skin Whitening Myth, DM Consults & The Real Cream Facts üí°‚ú®",https://www.youtube.com/watch?v=HlFqSwmoODM
-YhvwPIrNZE,PRGF Treatment For Hair Fall||F.Aesthetics & Dermatology MD Skin Center,https://www.youtube.com/watch?v=-YhvwPIrNZE
jJFSDPhwy-8,Hyperpigmentation ‚ùå #skincare #beauty #pigmentation #glowingskin #acne #dermatology #skin #shorts,https://www.youtube.com/watch?v=jJFSDPhwy-8
ZBSNsPTOWA0,LSG-5d-D6-8L Laser Safety Glasses For Dermatology,https://www.youtube.com/watch?v=ZBSNsPTOWA0
MEgrDjUQIKo,Get ready with me - Dermatologin & Neue Mama Edition #mom #dermatologist #medizin #√§rztin #baby,https://www.youtube.com/watch?v=MEgrDjUQIKo
tNCaZr1Zhxg,‚ö†Ô∏è Viral Skincare Gone Wrong: When Instagram Becomes Your Pharmacy #skincare #trending  #shortvideo,https://www.youtube.com/watch?v=tNCaZr1Zhxg
dZaR1xwuCtQ,Myth buster- Does oily skin need moisturiser?!,https://www.youtube.com/watch?v=dZaR1xwuCtQ
rbjLVAORBFU,What bit me? #skincare #dermatology,https://www.youtube.com/watch?v=rbjLVAORBFU
j4IZ1mqcRTI,Capstone Dermatology Services focus - Hair Removal,https://www.youtube.com/watch?v=j4IZ1mqcRTI
VqRhi2h_RYg,Cancer Prevention in Alaska with Capstone Dermatology,https://www.youtube.com/watch?v=VqRhi2h_RYg
pABwoukLak0,Johns Hopkins Dermatology Residency Program,https://www.youtube.com/watch?v=pABwoukLak0
Zxc-370Ok90,3 Plus Your Health- Aspire Dermatology and Skin Surgery Center,https://www.youtube.com/watch?v=Zxc-370Ok90
uKW-FU2EQdM,The most underrated body lotion @ceraveuk7642 ‚ú®ü´ß #shorts,https://www.youtube.com/watch?v=uKW-FU2EQdM
0hJ6sWup36o,Less Is More with Dr. Glodny | Park Ave. Dermatology NYC,https://www.youtube.com/watch?v=0hJ6sWup36o
G3QPD8p5uDY,Why Your Beard Suddenly Has Bald Patches | Dr. Jangid #shorts,https://www.youtube.com/watch?v=G3QPD8p5uDY
gxbN6ByYj4E,COMO ATUAM OS CLAREADORES e as MELHORES COMBINA√á√ïES! DESCUBRA AGORA,https://www.youtube.com/watch?v=gxbN6ByYj4E
4-kKvHJaKzE,Dermatologist explains best vs worst food for acne#skincare #food #haircare,https://www.youtube.com/watch?v=4-kKvHJaKzE
zfbac9xz6VA,Transform Your Skin with Medical-Grade Skincare at Moksha Dermatology ‚ú® #skincare #cincinnati,https://www.youtube.com/watch?v=zfbac9xz6VA
2N5FYFBD1yo,How to Make Cosmetic Treatments More Affordable | CareCredit at Dermatology Laser & Vein Center,https://www.youtube.com/watch?v=2N5FYFBD1yo
d3wNF0Wv1-8,What is the #future of #skin #science?  #dermatology #news #dermatology #skincaretips #beauty,https://www.youtube.com/watch?v=d3wNF0Wv1-8
8TQXjuo5U4g,Skin Cancer Explained: What Is Basal Cell Carcinoma & How to Prevent It,https://www.youtube.com/watch?v=8TQXjuo5U4g
XzU9wyZRcGg,How to treat mouth discoloration üí´ #dermatology #skincare #dermtips #beauty,https://www.youtube.com/watch?v=XzU9wyZRcGg
vv04jyMCuKk,Urgent Scabies Outbreak Explained! #health #scabies #itchy #infestation #skin #dermatology #student,https://www.youtube.com/watch?v=vv04jyMCuKk
dNWYvEwrDSg,smile line hacks from a derm #skincare,https://www.youtube.com/watch?v=dNWYvEwrDSg
3KuD4Jl0Uzo,#dermatology #skincare #dermatologist #skin #beauty #antiaging #skincareroutine,https://www.youtube.com/watch?v=3KuD4Jl0Uzo
unbiFeHN_o0,#dermatology #skincare #dermatologist #skin #beauty #antiaging #skincareroutine,https://www.youtube.com/watch?v=unbiFeHN_o0
JdYRAWHFez8,#dermatology #skincare #dermatologist #skin #beauty #antiaging #skincareroutine,https://www.youtube.com/watch?v=JdYRAWHFez8
LftDrB9z7DA,#dermatology #skincare #dermatologist #skin #beauty #antiaging #skincareroutine,https://www.youtube.com/watch?v=LftDrB9z7DA
fRNZ42tOjag,#dermatology #skincare #dermatologist #skin #beauty #antiaging #skincareroutine,https://www.youtube.com/watch?v=fRNZ42tOjag
ym6lZ29NzLQ,Hair PRP Treatment F.Aesthetics & Dermatology MD Skin Center,https://www.youtube.com/watch?v=ym6lZ29NzLQ
9RoLAvHIHyM,3 Creams I wouldn‚Äôt buy #Dermatology #SkinCare #Health,https://www.youtube.com/watch?v=9RoLAvHIHyM
EL1GKGi-Ujg,Reactional Video - Part 2 #dermatology #skincare #health #wellness #doctor #treatment,https://www.youtube.com/watch?v=EL1GKGi-Ujg
nSdYOspvv8w,PIT 2025 - Dermatology in the Digital Age: Enhancing Education and Presence on Social Media,https://www.youtube.com/watch?v=nSdYOspvv8w
qvcbajZ_cRA,„Äå„ÇΩ„Ç¶„É´„Ç™„Éº„É´„Ç¢„ÉÉ„ÉóÁöÆËÜöÁßë„Äç (Seoul Allup Dermatology Clinic),https://www.youtube.com/watch?v=qvcbajZ_cRA
GqY6OEV42pc,"Is your skin feeling constantly tight, flaky, or itchy?  #dermatology #brightskin #skincare",https://www.youtube.com/watch?v=GqY6OEV42pc
U8e3MbFjnCo,A day In life As A dermatologist |   Day on Dermatology Rotation | @doctorduo,https://www.youtube.com/watch?v=U8e3MbFjnCo
ii9dn6zRARA,4 step routine for banana peels üëç#dermatologist  #skincare,https://www.youtube.com/watch?v=ii9dn6zRARA
D127y-h4WDY,EndoliftX By Identity Dermatology Center #endoliftx #identityclinic,https://www.youtube.com/watch?v=D127y-h4WDY
3TgQehVoNdA,Almendras: Beneficios para una Piel Radiante #skincare #dermatology #consejos #almendras,https://www.youtube.com/watch?v=3TgQehVoNdA
4OqIkrL6k1A,Welcome To Cosmedica Dermatology,https://www.youtube.com/watch?v=4OqIkrL6k1A
62NeJjAPC-g,Passou dos 35 anos? Veja 3 cuidados para prevenir o envelhecimento #shorts #preven√ß√£oenvelhecimento,https://www.youtube.com/watch?v=62NeJjAPC-g
m4rPRxIg66Q,HATE this haircare myth!!! #hair #haircare #dermatologist #dermangelo,https://www.youtube.com/watch?v=m4rPRxIg66Q
PF34SvPlFTU,Beyond the Surface: 25 Questions With Dr. Peter Green | Canadian Dermatology Association,https://www.youtube.com/watch?v=PF34SvPlFTU
lYKeS5AAB64,Botox Visit | Outer banks dermatology,https://www.youtube.com/watch?v=lYKeS5AAB64
I5gzO_xCj9A,Top Dermatologist in Mira Road | Newderma Clinic Tour + Skin & Hair Treatments #skincare  #haircare,https://www.youtube.com/watch?v=I5gzO_xCj9A
ulxDzzNuqOY,How to inject Cosentyx #medstudent #dermatology,https://www.youtube.com/watch?v=ulxDzzNuqOY
RE6DBmkMvLE,Œ£ŒüŒ• ŒïŒôŒ†ŒëŒù Œ®ŒïŒúŒëŒ§Œë!üö®üëÄ #dermatology,https://www.youtube.com/watch?v=RE6DBmkMvLE
5CA1CFGDT7U,10 problems 1 solution | Dermatologist | Dr. Israt Jahan |,https://www.youtube.com/watch?v=5CA1CFGDT7U
b6BH7EybzT8,DERMOCOSM√âTICOS QUE EU RECOMPRARIA e AMO! DESCUBRA AGORA,https://www.youtube.com/watch?v=b6BH7EybzT8
Z9_yNwYpUc4,‚ÄúClear Skin Secrets: Effective Allopathic Medicines Explained‚Äù#SkinCare #AllopathicMedicine #AcneTre,https://www.youtube.com/watch?v=Z9_yNwYpUc4
Tm0nkKSXVio,Why our skin gets TANNED? PART 1,https://www.youtube.com/watch?v=Tm0nkKSXVio
mO17WUdHGDI,The glow-up debate we never knew we needed! Shizuka‚Äôs wedding prep just got a major skincare.,https://www.youtube.com/watch?v=mO17WUdHGDI
t3icif5zxP4,Magic ü™Ñ at Oracle skin clinic #oracleclinic #cosmeticdermatology #skincare #dermatologist #kbeauty,https://www.youtube.com/watch?v=t3icif5zxP4
XPgrWe8LDos,"Tight skin, Natural way#DrRoy #Skincare #Beauty #Dermatology #Glow #Wellness",https://www.youtube.com/watch?v=XPgrWe8LDos
am1vrVIgfao,Ranking Beauty Trends #dremi #dermatologist #beauty #skincare #botox #beautytrends,https://www.youtube.com/watch?v=am1vrVIgfao
p-XgDta7Nvs,EADV | L√§nder-Challenge am Stand der ‚ÄûInternational Society of Dermatology‚Äú,https://www.youtube.com/watch?v=p-XgDta7Nvs
HI0I1kEcM1M,Prp for hair growth works or just a hype?Dermatologist Explains the Truth! #skincare #shortvideo,https://www.youtube.com/watch?v=HI0I1kEcM1M
3pG_j0-r2jw,A complete Oily skin routine under 1000 INR dermatologist approved. #skincare #shortvideo #trending,https://www.youtube.com/watch?v=3pG_j0-r2jw
yDGBwBky2Gs,Dr Shruti Kakar Specialist Dermatology on Heart2Heart Cares 2025 | Medcare Medical Centre Dubai,https://www.youtube.com/watch?v=yDGBwBky2Gs
6z7qPrFppYU,"üå∏ ‚ÄúEl melasma no se cura, se controla‚Äù",https://www.youtube.com/watch?v=6z7qPrFppYU
iptZsNjjv3g,Dari Gatal Jadi Gawat! Alergi Makanan Bisa Fatal! #faktamenarik #alergi #dermatology #tipssehat,https://www.youtube.com/watch?v=iptZsNjjv3g
aH9X7FFbwtE,Reality check: Most people have never had a full skin exam.,https://www.youtube.com/watch?v=aH9X7FFbwtE
uGrssl9oXcs,Dermatitis Seborreica #dermatologo #onderm #cuidadodelapiel #monterrey #dermatitis,https://www.youtube.com/watch?v=uGrssl9oXcs
TAU91TO_3YY,Dermatologist Reacts: DO NOT Do This With Sunscreen! üò±,https://www.youtube.com/watch?v=TAU91TO_3YY
H8AxSQluMHU,Meet the Team | Davis Dermatology,https://www.youtube.com/watch?v=H8AxSQluMHU
sxbladOsf2k,How to treat Perioral Dermatitis from a dermatologist #shorts,https://www.youtube.com/watch?v=sxbladOsf2k
GmxXEJ_Y4jI,#cosmeticdermatology #skincaretips #skincareroutine #dermatologist #virals,https://www.youtube.com/watch?v=GmxXEJ_Y4jI
sbDIQWh4SS8,Best affordable dermatologist tested face wash/Cleanser for sensitive & dehydratedüßº #shortsfeed #yt,https://www.youtube.com/watch?v=sbDIQWh4SS8
cBzObQhcPVc,#skincare #skincaretips #dermatology #glowingskin #healthyskin #beautyroutine,https://www.youtube.com/watch?v=cBzObQhcPVc
tyJoVebIp4w,Philippine Healthcare Surprised Me! Full Medical Checkup & Dermatologist Experience in Cebu,https://www.youtube.com/watch?v=tyJoVebIp4w
Y7XyOIsDO3Y,My TOP THREE Skincare Products‚Ä¶ #skincare #skincaretips #dermatology,https://www.youtube.com/watch?v=Y7XyOIsDO3Y
KnMJT7CXJRM,Why ‚ÄúClean‚Äù and ‚ÄúNatural‚Äù Don‚Äôt Always Mean Better | Dermatologist Explains,https://www.youtube.com/watch?v=KnMJT7CXJRM
kaNK08Fn2YM,Here‚Äôs what to do for eczema on your eye! #dermatology #dermtips #drmommy #eczema,https://www.youtube.com/watch?v=kaNK08Fn2YM
shT8qSOo7L8,Rating Popular Food for Healthy Hair as a Dermatologist  #dermatologisttips  #skincareroutine,https://www.youtube.com/watch?v=shT8qSOo7L8
81lQrzWXz0o,Jungle Dermatology: Snake Treats Gorilla‚Äôs Blemishes #animals #rescueanimals #ai #wildlife,https://www.youtube.com/watch?v=81lQrzWXz0o
P-YNpw27gI4,3 Drugstore Products For Textured Skin ‚Äî From A Derm | #shorts #skincare |,https://www.youtube.com/watch?v=P-YNpw27gI4
ZMgyBgL_0-s,Know these signs of nail melanoma ü´¢ #melanoma #dermatologist,https://www.youtube.com/watch?v=ZMgyBgL_0-s
Dv_5H4YYRwk,Shocking Back Lumps Removed | Dr Pimple Popper S2 Ep1 | TLC,https://www.youtube.com/watch?v=Dv_5H4YYRwk
R7VFhnUKFz0,One of THE BEST Rosacea treatments.  #skincare #rosacea #dermatologist #dermangelo,https://www.youtube.com/watch?v=R7VFhnUKFz0
pnEg74W1Rs8,Clinical Trials at Noor Dermatology: A Deep Dive with Experts,https://www.youtube.com/watch?v=pnEg74W1Rs8
KiTyNqQt0Js,Dermatologist explains why you can't have tea on an empty stomach #dermatologist #tea #food #skin,https://www.youtube.com/watch?v=KiTyNqQt0Js
vD2AK7sqz1w,ÍπÄÍ±¥Ìù¨ ÎèôÏïà ÌîºÎ∂ÄÎπÑÍ≤∞? ÏòÅÍµ≠ÌîºÎ∂ÄÍ≥º Ï†ÑÎ¨∏ÏùòÍ∞Ä Î∞ùÌûàÎäî ÌîºÎ∂ÄÍ¥ÄÎ¶¨ ÎπÑÍ≤∞,https://www.youtube.com/watch?v=vD2AK7sqz1w
QK139GnIGP8,„ÅØ„Å™„Åµ„ÅïÁöÆËÜöÁßëÂêçÂè§Â±ãÈô¢Ëä±ÊàøÂºè„Éã„Ç≠„ÉìË∑°Ê≤ªÁôÇÁóá‰æãÁ¥π‰ªã#shorts,https://www.youtube.com/watch?v=QK139GnIGP8
w6b157F3uvg,3 CREAMS THAT SHOULD NOT BE USED WITHOUT DOCTOR'S PRESCRIPTION #dermatologist #tamilnadu #skin #hair,https://www.youtube.com/watch?v=w6b157F3uvg
9CJJdiQrUCA,PERTAMA DI INDONESIA! dr. K Blak-blakan Bongkar Perawatan Artis Korea berbagai Usia! Emang Boleh?,https://www.youtube.com/watch?v=9CJJdiQrUCA
8d7md2wSOt8,"T√ìNICO DE THE ORDINARYü§îDERMAT√ìLOGA analiza üß¥ | Pros, contras y uso correcto üë©üèª‚Äç‚öïÔ∏è",https://www.youtube.com/watch?v=8d7md2wSOt8
Gwf-jGOWA6w,Scalp Folliculitis,https://www.youtube.com/watch?v=Gwf-jGOWA6w
FWWfMi6r8MM,I Tried Profhilo on Myself ‚Äî Here‚Äôs What Happened! | Dermatologist Explains || Dr. Sarin ||,https://www.youtube.com/watch?v=FWWfMi6r8MM
2QVziWrnqwY,„Å§„ÅÑ„Å§„ÅÑÊΩ∞„Åó„Åü„Åè„Å™„Å£„Å°„ÇÉ„ÅÜË∫´‰Ωì‰∏≠„ÅÆ„Åß„Åç„ÇÇ„ÅÆ...„Åì„ÅÆÂá¶ÁΩÆ„Å©„ÅÜ„Åß„Åô„ÅãÔºüÁöÆËÜöÁßëÂåª„ÅåËß£Ë™¨#shorts,https://www.youtube.com/watch?v=2QVziWrnqwY
PTX8wsanx8M,This is no lectures just answers #dermatologist #skincare,https://www.youtube.com/watch?v=PTX8wsanx8M
h2X0OJmzRB0,Dermatologist Reacts: Aloe Vera on Scalp?! üò≥üåø,https://www.youtube.com/watch?v=h2X0OJmzRB0
j4JLPEn2eIE,My Dermatologist No list! #dermatology #skincare #drmommy,https://www.youtube.com/watch?v=j4JLPEn2eIE
XP0QP-3IFbc,‡¶§‡ßç‡¶¨‡¶ï‡ßá‡¶∞ ‡¶Ø‡¶§‡ßç‡¶®‡ßá  Microneediling #dermatologist #skindoctors #microneedling,https://www.youtube.com/watch?v=XP0QP-3IFbc
eq-qDU20JkM,Œ†Œ°ŒüŒöŒëŒõŒüŒ•Œù Œ§Œë Œ§ŒëŒ§ŒüŒ•ŒëŒñ ŒöŒëŒ°ŒöŒôŒùŒü‚ùì #dermatology,https://www.youtube.com/watch?v=eq-qDU20JkM
MBHqaUd2TXU,GREASY Hair Routine. #dermreacts  #hair  #dermatologist #dermangelo,https://www.youtube.com/watch?v=MBHqaUd2TXU
2onLQ7JNbE0,Laser treatment to remove small granuloma üí´ #dermatology #dermtips #drmommy #laser,https://www.youtube.com/watch?v=2onLQ7JNbE0
czeIsHP3nsc,#skincaretips #skincareroutine #hives #dermatology #rash #dermreacts,https://www.youtube.com/watch?v=czeIsHP3nsc
N8Jkj0RCTCE,White Patches on Child‚Äôs Face? | Dermatologist Explains in Tamil  #chennaidoctors #dermatology,https://www.youtube.com/watch?v=N8Jkj0RCTCE
_7latcrz3O0,#beautytips #dermatology #dermatologist #antiwrinkles #beauty #beautyessentials #products #facial,https://www.youtube.com/watch?v=_7latcrz3O0
RNNpPnjxNTE,Simple Cyst Expression üí¶ by Dr. H.L. Greenberg at Las Vegas Dermatology¬Æ,https://www.youtube.com/watch?v=RNNpPnjxNTE
o1SAM9dzVEY,Dermatology on USMLE/COMLEX,https://www.youtube.com/watch?v=o1SAM9dzVEY
Ijae4iURrDI,Introduction to Dermatology | The Basics | Describing Skin Lesions (Primary & Secondary Morphology),https://www.youtube.com/watch?v=Ijae4iURrDI
A9DL-TJcXPY,How to Apply Retinol like a Dermatologist #shorts,https://www.youtube.com/watch?v=A9DL-TJcXPY
QaSXqQSu14o,So You Want to Be a DERMATOLOGIST [Ep. 52],https://www.youtube.com/watch?v=QaSXqQSu14o
4xnQlo6v5oA,What Skincare Will I Choose? #dermatologist,https://www.youtube.com/watch?v=4xnQlo6v5oA
jeVDz5ke8a4,Day in the Life of a Dermatologist | Behind the scenes of surgery & cosmetics! | Dr. Simona Bartos,https://www.youtube.com/watch?v=jeVDz5ke8a4
d-97pEeP0LY,Dermatologist Answers Skin Questions From Twitter | Tech Support | WIRED,https://www.youtube.com/watch?v=d-97pEeP0LY
Hsc4HHW-r1w,First Day of Dermatology,https://www.youtube.com/watch?v=Hsc4HHW-r1w
0wmkDJU2QKI,Skincare that's SO GOOD. Derm Empties: Cleansers,https://www.youtube.com/watch?v=0wmkDJU2QKI
hzn2L77E3uE,Avoid these night skin care mistakes | dermatologist,https://www.youtube.com/watch?v=hzn2L77E3uE
f-8UGE0PR8k,2 Giant Comedones üåã expressed at Las Vegas Dermatology,https://www.youtube.com/watch?v=f-8UGE0PR8k
5L02yWEB9oI,EFFECTIVE ACNE ROUTINE | Derm Approved #shorts,https://www.youtube.com/watch?v=5L02yWEB9oI
QRoG-mqj1hI,Dermatologist SOLVES Chapped Lips,https://www.youtube.com/watch?v=QRoG-mqj1hI
GVC8sZZ0giw,So You Want to Be a DERMATOLOGIST [Ep. 11],https://www.youtube.com/watch?v=GVC8sZZ0giw
zNN3WwrmrCc,Blackheads| causes & treatment | #dermatologist,https://www.youtube.com/watch?v=zNN3WwrmrCc
mEQ20_c636Y,Acne Skincare Routine for Teenagers from a Dermatologist,https://www.youtube.com/watch?v=mEQ20_c636Y
iFAzSQE-yIA,The Best Skincare For Wrinkles #dermatologist,https://www.youtube.com/watch?v=iFAzSQE-yIA
_NP5iQ0p2Eg,Healthy Skin 101 with Dr Noreen - What Every Woman Should Know About Her Skin,https://www.youtube.com/watch?v=_NP5iQ0p2Eg
5aEoeprbwIc,73 Questions with a Dermatology Resident Doctor | ND MD,https://www.youtube.com/watch?v=5aEoeprbwIc
vQyFOl1TjJ8,Dr. Greenberg Cyst Follow up video üé• with Las Vegas Dermatology¬Æ incision & drainage procedure üíâ üî™,https://www.youtube.com/watch?v=vQyFOl1TjJ8
NtMP8e_bnh4,day in the life of a dermatologist resident physician. #diml #residency #doctor #dermatology,https://www.youtube.com/watch?v=NtMP8e_bnh4
Fdyz02wf5JE,Don‚Äôt skip this advice if you have hair loss! #hairloss #dermatology,https://www.youtube.com/watch?v=Fdyz02wf5JE
uZKxnUn5C3c,Dermatologist Reacts To Bodybuilder's Acne Advice #dermatologist,https://www.youtube.com/watch?v=uZKxnUn5C3c
dNhqM4j7yRY,Best ceramide moisturisers | dermatologist | Dr. Aanchal Panth,https://www.youtube.com/watch?v=dNhqM4j7yRY
xXoeT3DjsUQ,Dermatologist Reacts to Skin Tag Removal #shorts,https://www.youtube.com/watch?v=xXoeT3DjsUQ
88wO8B88QAo,How to wash your face properly| Dermatology Tips,https://www.youtube.com/watch?v=88wO8B88QAo
SSUVVakE-lA,Skin purging | what causes it | what doesn‚Äôt | dermatologist explains,https://www.youtube.com/watch?v=SSUVVakE-lA
OLEneZBjajk,Skin darker after sunscreen? Why it happens | Dermatologist explains,https://www.youtube.com/watch?v=OLEneZBjajk
RzU422A2uJc,Treat Acne Like a Dermatologist #shorts,https://www.youtube.com/watch?v=RzU422A2uJc
_7gnr4h2kBg,Back Lump REVEALED: Watch This Satisfying Cyst REMOVAL! | CONTOUR DERMATOLOGY,https://www.youtube.com/watch?v=_7gnr4h2kBg
HJ9d5kdJkZg,#WRWU Image Based Discussion - Dermatology,https://www.youtube.com/watch?v=HJ9d5kdJkZg
dTsuhYpSCZ0,Who needs niacinamide? Dermatologist suggests,https://www.youtube.com/watch?v=dTsuhYpSCZ0
tDJNM-9860E,Derm reacts to BIG ingrown hair! #dermreacts #doctorreacts #ingrownhair,https://www.youtube.com/watch?v=tDJNM-9860E
mSOVVYcwdHA,Derm reacts to MASSIVE pimple! #dermreacts #doctorreacts #pimplepop #pores,https://www.youtube.com/watch?v=mSOVVYcwdHA
bnCZLO-Y9bY,10 Retinol and Tretinoin Hacks That Will Change Your Life | Dermatologist Tips,https://www.youtube.com/watch?v=bnCZLO-Y9bY
9Zo92AQqpsM,Let's Get That Thing Out! | Dr. Derm,https://www.youtube.com/watch?v=9Zo92AQqpsM
7pO0JaKZcts,Dermatology - Lesion Terminology,https://www.youtube.com/watch?v=7pO0JaKZcts
-hIQPXCtBYM,Dermatologist reacts to SUPER satisfying pimple pops! #dermreacts #doctorreacts #blackheads,https://www.youtube.com/watch?v=-hIQPXCtBYM
oSup6wkPik8,Derm reacts to unbelievable acne transformation! #dermreacts #doctorreacts #accutane,https://www.youtube.com/watch?v=oSup6wkPik8
6OjYGMYVGms,Best body sunscreen recommendations #dermatologist,https://www.youtube.com/watch?v=6OjYGMYVGms
BCwoB3Xy1sU,Why you NEED TO TRY SALICYLIC ACID #dermatologist @DrDrayzday,https://www.youtube.com/watch?v=BCwoB3Xy1sU
SwnWqOM79wE,Full Body Skin Exam at Tareen Dermatology,https://www.youtube.com/watch?v=SwnWqOM79wE
l6B7a5RWjKE,Vitamin C serum | Morning or Night | Dermatologist suggests,https://www.youtube.com/watch?v=l6B7a5RWjKE
7i9sa9O-DtA,Dermatologist reacts to Crazy TikTok Videos!,https://www.youtube.com/watch?v=7i9sa9O-DtA
_1nX9YbYacw,Dr Khaled Sadek reacts #skincare #blackheadremoval #blackheads,https://www.youtube.com/watch?v=_1nX9YbYacw
igQy4bp_Keg,What age to start retinoid? #dermatologist @DrDrayzday,https://www.youtube.com/watch?v=igQy4bp_Keg
KYctq8FliK4,8 Vaseline Hacks That Will Change Your Life | Dermatologist Tips,https://www.youtube.com/watch?v=KYctq8FliK4
5pWJdU0J1Gc,"The #1 Dermatologist Explains: Hair Loss, Dry Skin, and Sagging Skin",https://www.youtube.com/watch?v=5pWJdU0J1Gc
W865dxBDoYA,Doctors RATE Best and Worse ACNE Treatments | Doctorly #shorts,https://www.youtube.com/watch?v=W865dxBDoYA
cAkBEi2Gr8M,How I Transformed My Skin in My 30s as a Derm with Melasma Part 1 #shorts,https://www.youtube.com/watch?v=cAkBEi2Gr8M
SP2tILDfXXg,How to Use Salicylic Acid like a Dermatologist | Doctorly #shorts,https://www.youtube.com/watch?v=SP2tILDfXXg
PEJh6O1LgOo,"Removing ""freckles"" with this mask! (credit: @luelle_ on TT) #skincare #foryou #doctor #satisfying",https://www.youtube.com/watch?v=PEJh6O1LgOo
q7rstrVRMjs,Dry lips | how to improve  #dermatologist,https://www.youtube.com/watch?v=q7rstrVRMjs
GZxMwHz2ZVE,Can you tell if it's eczema or psoriasis?,https://www.youtube.com/watch?v=GZxMwHz2ZVE
tPAYTVnxV3E,Top Sunscreen Recommended by Dermatologists ‚Äì Dr. Aanchal Panth‚Äôs Advice #shorts,https://www.youtube.com/watch?v=tPAYTVnxV3E
TzaJ2RKu518,DERMATOLOGIST REACTS - Can Women SHAVE THEIR FACE? Will hair grow in THICKER?,https://www.youtube.com/watch?v=TzaJ2RKu518
WeJOWpa5-g0,I Get Dibs on Removal! üôãüèª ‚ôÄÔ∏è,https://www.youtube.com/watch?v=WeJOWpa5-g0
IaJRlKz_7og,Derm reacts to HUGE ingrown hair! #dermreacts #doctorreacts #ingrownhair,https://www.youtube.com/watch?v=IaJRlKz_7og
lqdwaaEdwh4,Back acne | Keratosis pilaris| Ingrown hair | Dermatologist suggests,https://www.youtube.com/watch?v=lqdwaaEdwh4
ibNM_NpIfrw,What are those white spots on your arms? Dermatologist explains IDIOPATHIC GUTTATE HYPOMELANOSIS,https://www.youtube.com/watch?v=ibNM_NpIfrw
sZZL8i4iwI0,A Dermatologist's Guide to Skin Growths | Dr. Sam Ellis,https://www.youtube.com/watch?v=sZZL8i4iwI0
_oaUABSbKO8,Hair mask Vs conditioner | What is the difference | Dermatologist explains,https://www.youtube.com/watch?v=_oaUABSbKO8
CTlTXSZMAqA,A dermatologist explains Seborrheic Dermatitis: What is it?How to treat?#seborrheicdermatitis #derm,https://www.youtube.com/watch?v=CTlTXSZMAqA
exOeNQYD-94,How to Identify Melanoma | Skin Cancer Early Signs,https://www.youtube.com/watch?v=exOeNQYD-94
u7v1HKSCQcY,"Dermatology LRR by Dr. Khushbu Mahajan | For NEET PG, INI-CET & FMGE",https://www.youtube.com/watch?v=u7v1HKSCQcY
e6VsX8_jEYg,This or that | Home remedies | #dermatologist,https://www.youtube.com/watch?v=e6VsX8_jEYg
gqohl3JC1cY,The Beauty Lies You've Been Told (Dermatologist Exposes the Truth) | Dr. Sam Ellis,https://www.youtube.com/watch?v=gqohl3JC1cY
QAPEityzccw,#hairloss #hairthinning #dermatologist #hairlosstreatment #hairlosssolution #alopecia #hairca,https://www.youtube.com/watch?v=QAPEityzccw
WMx9dQnyh8w,Have you heard of the beef tallow skincare trend? #BeefTallow #Dermatology #Skincare,https://www.youtube.com/watch?v=WMx9dQnyh8w
95UetDh8scg,Dermatologist anti aging morning routine,https://www.youtube.com/watch?v=95UetDh8scg
9RKwjYH9PXE,Common dermatology treatments,https://www.youtube.com/watch?v=9RKwjYH9PXE
Vbs9zOHniy0,Want to try chemical peels at home like a dermatologist! ( Dr Jushya bhatia Sarin),https://www.youtube.com/watch?v=Vbs9zOHniy0
39aVM73dB6Y,How a Dermatologist Applies Sunscreen for Sun Protection | #SHORTS,https://www.youtube.com/watch?v=39aVM73dB6Y
agYcWI1OppQ,Rating  Popular Sunscreens as a Dermatologist Part II  #skincare #dermatologisttips,https://www.youtube.com/watch?v=agYcWI1OppQ
ljl-z3OREgE,How a dermatologist removes a WART on a leg! #liquidnitrogen #wartsremoval,https://www.youtube.com/watch?v=ljl-z3OREgE
iW9W2_WGljc,Tretinoin vs. Adapalene according to a Dermatologist #SHORTS,https://www.youtube.com/watch?v=iW9W2_WGljc
798Ns-qKKLI,Does Gua Sha work? Dermatologist reacts. #guashafacial #skincare #boardcertifieddermatologist,https://www.youtube.com/watch?v=798Ns-qKKLI
rpfbtdG45Nk,Cracked heels| How to manage | Dermatologist suggests,https://www.youtube.com/watch?v=rpfbtdG45Nk
1APnOSOV_bk,"As we age, pores can become more prominent.",https://www.youtube.com/watch?v=1APnOSOV_bk
bQBRsZ5uRXU,Post Inflammatory Hyperpigmentation: Top Ingredients #shorts,https://www.youtube.com/watch?v=bQBRsZ5uRXU
WRbtwyb9z0g,Why I DIDN'T... Dermatology,https://www.youtube.com/watch?v=WRbtwyb9z0g
HeOk1CWsFoM,Rating Popular Moisturisers as a Dermatologist #skincare #dermatologisttips #skincaretips,https://www.youtube.com/watch?v=HeOk1CWsFoM
iHrRyI4J31E,Early Stage Melanoma: A Life-Saving Detection,https://www.youtube.com/watch?v=iHrRyI4J31E
El2Tzb7qv50,Psoriasis Early Symptoms | Psoriasis Explained | Get Answers from a Top Dermatologist,https://www.youtube.com/watch?v=El2Tzb7qv50
d_hPrxOSnho,Are Lasers Safe? Dermatologists Answer | Dr. Priyanka Reddy @sarinskin @DrAanchalPainClinic,https://www.youtube.com/watch?v=d_hPrxOSnho
5W4UFGchPaM,Matching into Dermatology: 5 Steps  #medicalschool #dermatology #medicalstudent #matchday,https://www.youtube.com/watch?v=5W4UFGchPaM
qmpeIN5uElw,Choose the Perfect Face Serum Like a Dermatologist!,https://www.youtube.com/watch?v=qmpeIN5uElw
vKoBRvboR5s,Dark underarms | how to improve? #dermatologist,https://www.youtube.com/watch?v=vKoBRvboR5s
EyXuv0DCjhU,Is Dermatologist Tested BS? #shorts,https://www.youtube.com/watch?v=EyXuv0DCjhU
2Ct0nwLcdyA,Extraction Satisfaction (Blackhead Removal) | CONTOUR DERMATOLOGY,https://www.youtube.com/watch?v=2Ct0nwLcdyA
ObHYLMma0YA,How I Earn $900K A Year As A Dermatologist,https://www.youtube.com/watch?v=ObHYLMma0YA
K4GGMqsBl4Y,Personal hygiene hack for body odor from a dermatologist #hygienetips,https://www.youtube.com/watch?v=K4GGMqsBl4Y
S2DIECWuMCc,Rating Popular Sunscreens as a Dermatologist #dermatologisttips #skincare #skincaretips,https://www.youtube.com/watch?v=S2DIECWuMCc
6ssoICV40Yk,How to recognize Skin Cancer: Dermatologist Explains Basal Cell Carcinoma & Squamous Cell Carcinoma,https://www.youtube.com/watch?v=6ssoICV40Yk
vpK-ptQ5n0Y,"Minoxidil Hacks for Faster, Long Lasting Results | Dermatologist Explains | Dr. Sam Ellis",https://www.youtube.com/watch?v=vpK-ptQ5n0Y
K0FSvWBRL5U,Pimples on face | How to treat acne and pimples on face | What acne means | Dermatologist,https://www.youtube.com/watch?v=K0FSvWBRL5U
UnFHNC6OU6M,Acne scars Or Acne marks | how to treat | dermatologist suggests,https://www.youtube.com/watch?v=UnFHNC6OU6M
1KTrrpMoZz4,Signs your Skin Barrier is Damaged According to a Dermatologist #shorts,https://www.youtube.com/watch?v=1KTrrpMoZz4
y3jU5WxZumw,How to reduce Open Pores like a Dermatologist? #dermatologisttips #skincare #openpores,https://www.youtube.com/watch?v=y3jU5WxZumw
skcPISLpEwE,A Dermatologist Reacts - Can Rogaine Help Grow a Beard?!? Watch to find out!,https://www.youtube.com/watch?v=skcPISLpEwE
HruPXqqJ7hk,day in the life of a dermatologist (derm resident),https://www.youtube.com/watch?v=HruPXqqJ7hk
XgsJWbdcIbY,How We Became Dermatologist & Tips on Becoming A Dermatologist!,https://www.youtube.com/watch?v=XgsJWbdcIbY
z-3byWltN7E,Everything you need to know about Dermatology for the USMLE,https://www.youtube.com/watch?v=z-3byWltN7E
1M_u7mU-M-M,AHA vs BHA | how to choose | dermatologist guides,https://www.youtube.com/watch?v=1M_u7mU-M-M
vGMGapgkoh0,Kiss Proof Lipstick Use ‡Æ™‡Æ£‡Øç‡Æ£‡Æ≤‡Ææ‡ÆÆ‡Ææ? | Dr.Radha Dermatology,https://www.youtube.com/watch?v=vGMGapgkoh0
hL4Y_kn3sio,Avoid these retinol mistakes | dermatologist explains,https://www.youtube.com/watch?v=hL4Y_kn3sio
yeaPxwMZmgg,Stretch marks | Prevention & treatment | Dermatologist,https://www.youtube.com/watch?v=yeaPxwMZmgg
gbVOs48FJw0,#sebaceousfilaments #blackheads #comedones #pores #dermatologistskincare #skincaretips #derm,https://www.youtube.com/watch?v=gbVOs48FJw0
X5Zij51mJyg,RED LIGHT THERAPY WORTH THE HYPE? #dermatologist @DrDrayzday,https://www.youtube.com/watch?v=X5Zij51mJyg
lA7Mq1MPQ5E,1st Day on Dermatology Rotation,https://www.youtube.com/watch?v=lA7Mq1MPQ5E
U1SNIsq8FBg,Benefits of Chemical Peel #skincare #chemicalpeel #shorts,https://www.youtube.com/watch?v=U1SNIsq8FBg
u_YXgdG-8eM,Effective products under rs 300 on Amazon | dermatologist recommends,https://www.youtube.com/watch?v=u_YXgdG-8eM
8JoPIr6MFkg,Rating Popular Body Soaps as a Dermatologist #dermatologisttips #skincare #skincaretips,https://www.youtube.com/watch?v=8JoPIr6MFkg
71_WGzD27cw,Cyst Treatment by Dr. H.L. Greenberg at Las Vegas Dermatology¬Æ utilizing Incision & Drainage,https://www.youtube.com/watch?v=71_WGzD27cw
AUXFzr-QOiA,IV Glow Drip Therapy: The Ultimate Skin Brightening Solution at Cara Clinic #skincare  #glutathione,https://www.youtube.com/watch?v=AUXFzr-QOiA
g2I1nuXceHg,Dark mouth corners | causes| dermatologist,https://www.youtube.com/watch?v=g2I1nuXceHg
pttBDgCTV_c,Why Dermatology: Reasons Why I Chose the Best Specialty,https://www.youtube.com/watch?v=pttBDgCTV_c
uj-tAUKAFfo,Day in the Life of a Dermatology Resident Doctor,https://www.youtube.com/watch?v=uj-tAUKAFfo
rsENsWurTp0,How to apply retinol | Dermatologist suggests | Dr. Aanchal,https://www.youtube.com/watch?v=rsENsWurTp0
q_745afDEB0,Dermatology - Overview,https://www.youtube.com/watch?v=q_745afDEB0
awH1eNQ04hk,#skincare #skincareroutine #dermatology #dermatologistskincare #skincaretips #skincarehack,https://www.youtube.com/watch?v=awH1eNQ04hk
wMMps3fsuaw,Dermatology Review PODs Part 1 PA NP Didactic PANCE PANRE,https://www.youtube.com/watch?v=wMMps3fsuaw
X8Hp_XCSVw8,Tretinoin Nighttime Skin Care Routine #dermatologist @DrDrayzday,https://www.youtube.com/watch?v=X8Hp_XCSVw8
WcMLBk6QVlg,How To Become A Dermatologist | Our Journey,https://www.youtube.com/watch?v=WcMLBk6QVlg
eVx1UD00y0k,Dermatologist‚Äôs Take on Eczema/Atopic dermatitis,https://www.youtube.com/watch?v=eVx1UD00y0k
ev0LO-Uf1mY,Dermatologist Reacts to DAILY Tretinoin Use #shorts,https://www.youtube.com/watch?v=ev0LO-Uf1mY
3QRMD2KdXkk,What Your Acne Means By Location According to A Dermatologist #shorts,https://www.youtube.com/watch?v=3QRMD2KdXkk
bjVrS4s6mbk,Mole Removal By A Dermatologist ‚ú® #moleremoval #dermatologist #shorts,https://www.youtube.com/watch?v=bjVrS4s6mbk
ZTwdULLmGnQ,Cosmetic Dermatology,https://www.youtube.com/watch?v=ZTwdULLmGnQ
abn_J4IVEN4,Good oils Vs bad face oils #dermatologist opines,https://www.youtube.com/watch?v=abn_J4IVEN4
GYwBR_ANMUo,"Dermatologist's Guide to Skincare in Your 40s: Skincare Recommendations, Anti-Aging Treatments...",https://www.youtube.com/watch?v=GYwBR_ANMUo
7EhqcSquwJs,How to reduce dark spots? Dermatologist suggests,https://www.youtube.com/watch?v=7EhqcSquwJs
AkXcRzrRbwo,3 Signs You Need To See A Dermatologist For Acne,https://www.youtube.com/watch?v=AkXcRzrRbwo
tnDmFjKMEOk,Day in the Life of a Dermatologist,https://www.youtube.com/watch?v=tnDmFjKMEOk
rwu-d6r0PYs,"Dermatologist Guesses People's Ages | ""Time to Quit""",https://www.youtube.com/watch?v=rwu-d6r0PYs
5CeqH0x0xHs,Dermatology Question 1,https://www.youtube.com/watch?v=5CeqH0x0xHs
EyvXOdWt46I,How to control oily skin: Dermatologist tips,https://www.youtube.com/watch?v=EyvXOdWt46I
556jsnOtbl4,How to fix TEXTURED Skin in 3 steps according to a dermatologist #texturedskin #pores: :,https://www.youtube.com/watch?v=556jsnOtbl4
MRZ8ordbSVE,Dermatomyositis Skin Changes #dermatology #medicine #rheumatology,https://www.youtube.com/watch?v=MRZ8ordbSVE
l14MCaxgYt8,Watch me & @zoeindigo.md.dermatologist on a NEW episode of Dr Pimple Popper Breaking Out,https://www.youtube.com/watch?v=l14MCaxgYt8
r4AKiuGQ3K4,Dermatologist Answers More Skin Questions From Twitter | Tech Support | WIRED,https://www.youtube.com/watch?v=r4AKiuGQ3K4
5Wjz0BEqLHw,Derm Tips for Hormonal Acne Part 1 #shorts,https://www.youtube.com/watch?v=5Wjz0BEqLHw
Mg_bXp4sJzw,Rosacea? Get Clear Skin With These Expert Tips! #dermatologist,https://www.youtube.com/watch?v=Mg_bXp4sJzw
XaMlumZWydw,Derm Saves You Time and Money !!,https://www.youtube.com/watch?v=XaMlumZWydw
2HIzO9PaJmw,Easy Skin Care Routine for Acne #dermatologist @DrDrayzday,https://www.youtube.com/watch?v=2HIzO9PaJmw
61ZCZrT8TjA,Demure Dermatologist!!,https://www.youtube.com/watch?v=61ZCZrT8TjA
irrIWDAW4mg,Dermatologist-Approved Skin Solution That Actually¬†Works! @doctorduo #shorts,https://www.youtube.com/watch?v=irrIWDAW4mg
sVmMt5aoRpw,Avoid these lip balms | dermatologist suggests,https://www.youtube.com/watch?v=sVmMt5aoRpw
BpL5JBRIOPQ,Repair Your Skin Barrier In Record Time #dermatologist,https://www.youtube.com/watch?v=BpL5JBRIOPQ
DreE9OdzcXc,Glowy skin | sunscreen | dermatologist suggests,https://www.youtube.com/watch?v=DreE9OdzcXc
Z1awtiMmnfc,Skincare hacks from a dermatologist #skincare,https://www.youtube.com/watch?v=Z1awtiMmnfc
gmU7i83vxVo,Dermatologist Explains: How To Spot Skin Cancer Early!,https://www.youtube.com/watch?v=gmU7i83vxVo
IkNzHYelqgo,ARE GROWTH FACTORS WORTH THE HYPE? Doctorly Explores,https://www.youtube.com/watch?v=IkNzHYelqgo
2FZE7r3Lr4Q,Speed review of sunscreen Part 3 | dermatologist,https://www.youtube.com/watch?v=2FZE7r3Lr4Q
k7rzHHvlvgg,Glycolic Acid Creams | Glycolic Acid | Glyco 6 cream | Cream Review|#review #dermatologist #skincare,https://www.youtube.com/watch?v=k7rzHHvlvgg
UEx-JMBz-zE,How to use a stick sunscreen | dermatologist explains,https://www.youtube.com/watch?v=UEx-JMBz-zE
I1GddibrRF4,Rating Popular Skin Supplements as a Dermatologist. #skincare #dermatologisttips #skincaretips,https://www.youtube.com/watch?v=I1GddibrRF4
qqRCP8JiLKM,Retinol vs tretinoin | what‚Äôs the difference | dermatologist explains,https://www.youtube.com/watch?v=qqRCP8JiLKM
mbcaKSxJAPg,Top Dermatologist-Recommended Soaps For Healthy Skin!‚Äù || Dr. Sarin ||,https://www.youtube.com/watch?v=mbcaKSxJAPg
Kj7SaqQfaRs,Dermatologist Dr. Shah's Recommended Acne Routine: Get Your Best Skin with Differin Gel,https://www.youtube.com/watch?v=Kj7SaqQfaRs
9JDFfjI0bOE,10 REASONS TO USE VASELINE ON THE FACE | Dermatologist,https://www.youtube.com/watch?v=9JDFfjI0bOE
TXM7E57iA7c,My Top 5 Smartest Skincare Investment Tips ‚Äì Dermatologist Approved,https://www.youtube.com/watch?v=TXM7E57iA7c
j3yc9NMeGjk,The ULTIMATE Routine for Dark Spots | Doctorly Hyperpigmentation and Melasma Guide,https://www.youtube.com/watch?v=j3yc9NMeGjk
0uX2sfoWtaU,Rating Popular Face Washes as a Dermatologist #skincare #skincaretips #dermatologisttips,https://www.youtube.com/watch?v=0uX2sfoWtaU
diI77oB6z_M,Dermatologist reacts to bumpy skin texture. #acne #dermatology,https://www.youtube.com/watch?v=diI77oB6z_M
P2VDMq1mF24,How to Layer your Nighttime Skincare Routine like a Dermatologist.,https://www.youtube.com/watch?v=P2VDMq1mF24
osaExOh7geI,Speed review of popular skin care products | dermatologist opines,https://www.youtube.com/watch?v=osaExOh7geI
hlKTTpeSHyM,Dermatologist shampoo recommendations | Best pharmacy shampoo | Best sulfate free shampoo,https://www.youtube.com/watch?v=hlKTTpeSHyM
BFuj7vqUdE0,Not all filler is the same! #fillers #dermatology #dermangelo #cosmeticdermatologist #dermatologist,https://www.youtube.com/watch?v=BFuj7vqUdE0
bci4ddljwt0,Swap the Benadryl cream for one of these!! üëÄ #rash #dermatology #fixmyskin,https://www.youtube.com/watch?v=bci4ddljwt0
_SQZG46f6iA,"How to clear back/body acne at home, from a dermatologist. Stitch with Dani #bodyacne #skincare",https://www.youtube.com/watch?v=_SQZG46f6iA
GXN2BJEHpqk,Shrink pores FAST #dermatologist @DrDrayzday,https://www.youtube.com/watch?v=GXN2BJEHpqk
jo9nvX8NkK4,Are toners necessary? #skincare #dermatology #toner,https://www.youtube.com/watch?v=jo9nvX8NkK4
E4bq-ONvmBU,How To Look Good Naked: Dermatologist Hygiene Tips #dermatologist,https://www.youtube.com/watch?v=E4bq-ONvmBU
OnraqyJzPo0,The ONLY Skincare You Actually Need + LIMITED REMEDY KIT! | Doctorly Explains,https://www.youtube.com/watch?v=OnraqyJzPo0
cHc8R_wET4g,"Hair growth routine for thinning hair, from a dermatologist #hairgrowthtips",https://www.youtube.com/watch?v=cHc8R_wET4g
KtJ3ha8GaYY,#skincare #cosmeticdermatology #dermatologist #dermatology #agespots #skintags #skincaretips,https://www.youtube.com/watch?v=KtJ3ha8GaYY
iwyLM5aJ7mE,How Treat Under Eye Bags Like A Dermatologist,https://www.youtube.com/watch?v=iwyLM5aJ7mE
XKROvYsp0QM,How to Treat Crepey Eyes Like a Dermatologist | Dr. Sam Ellis,https://www.youtube.com/watch?v=XKROvYsp0QM
DHrQn0YrGsY,How To Lighten Dark Underarms ‚Äî From A Dermatologist | #shorts #skincare |,https://www.youtube.com/watch?v=DHrQn0YrGsY
mDgINkRINsY,Shampoos for oily scalp | dermatologist suggests,https://www.youtube.com/watch?v=mDgINkRINsY
iBa5gaQaRpY,Best way to remove pubic hair l dermatologist,https://www.youtube.com/watch?v=iBa5gaQaRpY
eFNAwf2q05w,3 ingrown hair/razor bump hacks from a dermatologist #ingrownhair  #razorburn,https://www.youtube.com/watch?v=eFNAwf2q05w
cvK2MkWubNs,"Uneven skin tone , acne | which is better| dermatologist recommends",https://www.youtube.com/watch?v=cvK2MkWubNs
IEKq6h_Tw1A,How to Treat Closed Comedones | Dermatologist Tips for Clearer Skin,https://www.youtube.com/watch?v=IEKq6h_Tw1A
GuKbAia_yQ8,Affordable Skincare That Beats Luxury?! | Dermatologist Approved || Dr. Sarin ||,https://www.youtube.com/watch?v=GuKbAia_yQ8
-rZgz3uZHKY,Face wash review | dermatologist | details in pinned comment,https://www.youtube.com/watch?v=-rZgz3uZHKY
KGVg7up77MU,Dermatologist Guide to ROSACEA - Treatments & Skincare Products,https://www.youtube.com/watch?v=KGVg7up77MU
1ECdYwxC3vs,Black Dots on the Nose? Here's How To Treat Sebaceous Filaments,https://www.youtube.com/watch?v=1ECdYwxC3vs
4nYKYgrCYGA,Rating baby products as a pediatric dermatologist üíô #dermatology #skincare #drmommy #dermtips,https://www.youtube.com/watch?v=4nYKYgrCYGA
-9b-ESvR9oY,How to pair/layer skincare actives from a dermatologist #skincareroutine #skincareproducts,https://www.youtube.com/watch?v=-9b-ESvR9oY
ZxL2luj-5UA,How to remove body tan? #dermatologist,https://www.youtube.com/watch?v=ZxL2luj-5UA
WtQRK86YMlI,Shampoos I Don‚Äôt Recommend as a Dermatologist | Best Shampoos #shortsviral #shampoo #haircare,https://www.youtube.com/watch?v=WtQRK86YMlI
SpaNRaryUX0,How to Treat Melasma¬†- Tips From a Dermatologist! üìù #melasma¬†#melasmatreatment,https://www.youtube.com/watch?v=SpaNRaryUX0
IWx3VvCIDDI,Dermatologist Shares Treatments for Nail Fungus & Prevention Tips | Dr. Sam Ellis,https://www.youtube.com/watch?v=IWx3VvCIDDI
KzXZhZomm9E,Acne Dark Spots | ‡§π‡§ø‡§Ç‡§¶‡•Ä | How to treat | serum cream recommendations | Dermatologist | Dr. Aanchal,https://www.youtube.com/watch?v=KzXZhZomm9E
DT0QU7GSS-M,"Best moisturisers for dry, oily , sensitive, acne prone skin| Dermatologist recommends",https://www.youtube.com/watch?v=DT0QU7GSS-M
7v5vkOfGVWM,Products We HATE and LOVE from CeraVe | Doctorly Reviews,https://www.youtube.com/watch?v=7v5vkOfGVWM
nqK3Xf907OM,How to Get Rid of Sagging Jowls from a Dermatologist! | Dr. Shereene Idriss,https://www.youtube.com/watch?v=nqK3Xf907OM
rgK-l3GuAC4,Products We HATE and LOVE from The Minimalist | Doctorly Reviews,https://www.youtube.com/watch?v=rgK-l3GuAC4
7cBJI1W2EkU,Drugstore skincare routine ‚ú® #dermatology #skincare #skincareregime #dermtips,https://www.youtube.com/watch?v=7cBJI1W2EkU
iNa-AhzHMv4,Dark lips  | creams to use | dermatologist suggests,https://www.youtube.com/watch?v=iNa-AhzHMv4
kO-9vMS0wwM,We call this a ‚Äúcollision pop‚Äù  An ingrown hair next to a comedone üí•,https://www.youtube.com/watch?v=kO-9vMS0wwM
mh3IC_TaRb8,Treat Rosacea Like A Dermatologist,https://www.youtube.com/watch?v=mh3IC_TaRb8
a6eoczv3c8U,HOW TO TREAT SKIN TAGS LIKE A DERMATOLOGIST,https://www.youtube.com/watch?v=a6eoczv3c8U
SCT5ZIOYef0,Common hair myths | Home remedies | Dermatologist,https://www.youtube.com/watch?v=SCT5ZIOYef0
Kzx-NAjkol0,Derm reacts to INSANE ingrown hair extraction! #dermreacts #doctorreacts #ingrownhair,https://www.youtube.com/watch?v=Kzx-NAjkol0
EpkcqPnWkjI,3 things I would Never Do - Dermatology Edition,https://www.youtube.com/watch?v=EpkcqPnWkjI
58XvGY2s6JQ,Dermatologist ultimate guide¬†to Basal¬†Cell¬†Carcinoma,https://www.youtube.com/watch?v=58XvGY2s6JQ
gfARMOdPfUk,Dermatologist's Ultimate Beauty Hacks for Glowing Skin | Dr. Sam Ellis,https://www.youtube.com/watch?v=gfARMOdPfUk
ZpQjRN1TkGU,Acne or Rosacea? #dermatologist @DrDrayzday,https://www.youtube.com/watch?v=ZpQjRN1TkGU
0zWM939JPK0,Moles | What are they | How to treat| dermatologist explains,https://www.youtube.com/watch?v=0zWM939JPK0
uEqOR99zhzA,Invisible Pimple Patches You Need To Try! #dermatologist,https://www.youtube.com/watch?v=uEqOR99zhzA
VyhZTIQVBBw,Salicylic acid can do this! ü§Ø #dermatologist @DrDrayzday,https://www.youtube.com/watch?v=VyhZTIQVBBw
OzGGnTtJZls,American Institute of Dermatology - Winter Garden,https://www.youtube.com/watch?v=OzGGnTtJZls
